,day,treatment,metarep,rep,rep_a,p1,p2,p3,p4,p5,p6,p7,p8,p9,p10,p11,p12,p13,p14,p15,p16,p17,p18,edge,mediaan,metapop
1,1,16,2,32,B,10,0,0,0,0,0,0,0,0,0,0,0,0,0,0,0,0,0,1,1,162
2,1,16,2,33,C,14,12,0,0,0,0,0,0,0,0,0,0,0,0,0,0,0,0,2,1,162
3,1,16,1,28,A,31,0,0,0,0,0,0,0,0,0,0,0,0,0,0,0,0,0,1,1,161
4,1,16,1,29,B,32,2,0,0,0,0,0,0,0,0,0,0,0,0,0,0,0,0,2,1,161
5,1,4,5,13,A,19,9,1,0,0,0,0,0,0,0,0,0,0,0,0,0,0,0,3,1,45
6,1,4,5,14,B,16,0,0,0,0,0,0,0,0,0,0,0,0,0,0,0,0,0,1,1,45
7,1,8,3,20,B,36,0,1,0,0,0,0,0,0,0,0,0,0,0,0,0,0,0,3,1,83
8,1,8,3,19,A,15,4,0,0,0,0,0,0,0,0,0,0,0,0,0,0,0,0,2,1,83
9,1,8,3,21,C,19,1,0,0,0,0,0,0,0,0,0,0,0,0,0,0,0,0,2,1,83
10,1,8,4,22,A,33,0,0,0,0,0,0,0,0,0,0,0,0,0,0,0,0,0,1,1,84
11,1,16,5,37,A,10,3,0,0,0,0,0,0,0,0,0,0,0,0,0,0,0,0,2,1,165
12,1,8,2,18,A,7,7,1,0,0,0,0,0,0,0,0,0,0,0,0,0,0,0,3,2,82
13,1,16,3,35,B,24,0,0,0,0,0,0,0,0,0,0,0,0,0,0,0,0,0,1,1,163
14,1,16,3,34,A,30,1,0,0,0,0,0,0,0,0,0,0,0,0,0,0,0,0,2,1,163
15,1,8,4,23,B,17,2,0,0,0,0,0,0,0,0,0,0,0,0,0,0,0,0,2,1,84
16,1,8,4,24,C,17,14,2,0,0,0,0,0,0,0,0,0,0,0,0,0,0,0,3,1,84
17,1,4,1,1,A,24,8,0,0,0,0,0,0,0,0,0,0,0,0,0,0,0,0,2,1,41
18,1,4,1,2,B,22,0,0,0,0,0,0,0,0,0,0,0,0,0,0,0,0,0,1,1,41
19,1,8,5,25,A,19,7,0,0,0,0,0,0,0,0,0,0,0,0,0,0,0,0,2,1,85
20,1,8,5,26,B,16,6,0,0,0,0,0,0,0,0,0,0,0,0,0,0,0,0,2,1,85
21,1,8,5,27,C,7,11,0,0,0,0,0,0,0,0,0,0,0,0,0,0,0,0,2,2,85
22,1,16,1,30,C,21,3,0,0,0,0,0,0,0,0,0,0,0,0,0,0,0,0,2,1,161
23,1,4,3,9,C,16,4,0,0,0,0,0,0,0,0,0,0,0,0,0,0,0,0,2,1,43
24,1,4,2,4,A,12,4,0,0,0,0,0,0,0,0,0,0,0,0,0,0,0,0,2,1,42
25,1,4,4,11,B,27,1,0,0,0,0,0,0,0,0,0,0,0,0,0,0,0,0,2,1,44
26,1,4,4,10,A,24,1,0,0,0,0,0,0,0,0,0,0,0,0,0,0,0,0,2,1,44
27,1,8,1,15,A,27,0,0,0,0,0,0,0,0,0,0,0,0,0,0,0,0,0,1,1,81
28,1,4,4,12,C,21,1,0,0,0,0,0,0,0,0,0,0,0,0,0,0,0,0,2,1,44
29,1,16,4,36,A,13,0,0,0,0,0,0,0,0,0,0,0,0,0,0,0,0,0,1,1,164
30,1,4,3,7,A,23,1,1,0,0,0,0,0,0,0,0,0,0,0,0,0,0,0,3,1,43
31,1,4,3,8,B,4,10,0,0,0,0,0,0,0,0,0,0,0,0,0,0,0,0,2,2,43
32,1,8,1,17,C,26,0,0,0,0,0,0,0,0,0,0,0,0,0,0,0,0,0,1,1,81
33,1,8,1,16,B,17,9,0,0,0,0,0,0,0,0,0,0,0,0,0,0,0,0,2,1,81
34,1,4,2,6,C,14,2,0,0,0,0,0,0,0,0,0,0,0,0,0,0,0,0,2,1,42
35,1,4,2,5,B,20,0,0,0,0,0,0,0,0,0,0,0,0,0,0,0,0,0,1,1,42
36,1,4,1,3,C,31,0,0,0,0,0,0,0,0,0,0,0,0,0,0,0,0,0,1,1,41
37,1,16,2,31,A,22,8,1,0,0,0,0,0,0,0,0,0,0,0,0,0,0,0,3,1,162
38,3,16,2,32,B,1,1,0,0,0,0,0,0,0,0,0,0,0,0,0,0,0,0,2,2,162
39,3,16,2,33,C,2,4,3,1,1,0,0,0,0,0,0,0,0,0,0,0,0,0,5,2,162
40,3,16,1,28,A,18,5,0,0,0,0,0,0,0,0,0,0,0,0,0,0,0,0,2,1,161
41,3,16,1,29,B,22,5,2,0,0,0,0,0,0,0,0,0,0,0,0,0,0,0,3,1,161
42,3,4,5,13,A,7,1,1,0,0,0,0,0,0,0,0,0,0,0,0,0,0,0,3,1,45
43,3,4,5,14,B,6,6,0,0,0,0,0,0,0,0,0,0,0,0,0,0,0,0,2,2,45
44,3,8,3,20,B,4,9,4,0,0,0,0,0,0,0,0,0,0,0,0,0,0,0,3,2,83
45,3,8,3,19,A,4,0,4,0,0,0,0,0,0,0,0,0,0,0,0,0,0,0,3,3,83
46,3,8,3,21,C,10,6,0,0,0,0,0,0,0,0,0,0,0,0,0,0,0,0,2,1,83
47,3,8,4,22,A,16,10,2,1,0,0,0,0,0,0,0,0,0,0,0,0,0,0,4,1,84
48,3,16,5,37,A,2,1,2,0,0,0,0,0,0,0,0,0,0,0,0,0,0,0,3,2,165
49,3,8,2,18,A,11,3,2,0,0,0,0,0,0,0,0,0,0,0,0,0,0,0,3,1,82
50,3,16,3,35,B,1,3,3,1,0,0,0,0,0,0,0,0,0,0,0,0,0,0,4,3,163
51,3,16,3,34,A,2,9,7,0,1,0,0,0,0,0,0,0,0,0,0,0,0,0,5,2,163
52,3,8,4,23,B,2,6,1,0,0,0,0,0,0,0,0,0,0,0,0,0,0,0,3,2,84
53,3,8,4,24,C,5,10,5,0,0,0,0,0,0,0,0,0,0,0,0,0,0,0,3,2,84
54,3,4,1,1,A,15,8,0,0,0,0,0,0,0,0,0,0,0,0,0,0,0,0,2,1,41
55,3,4,1,2,B,8,15,0,0,0,0,0,0,0,0,0,0,0,0,0,0,0,0,2,2,41
56,3,8,5,25,A,12,4,1,0,0,0,0,0,0,0,0,0,0,0,0,0,0,0,3,1,85
57,3,8,5,26,B,6,7,0,0,0,0,0,0,0,0,0,0,0,0,0,0,0,0,2,2,85
58,3,8,5,27,C,1,5,4,0,0,0,0,0,0,0,0,0,0,0,0,0,0,0,3,2,85
59,3,16,1,30,C,7,3,2,0,0,0,0,0,0,0,0,0,0,0,0,0,0,0,3,1,161
60,3,4,3,9,C,14,3,1,0,0,0,0,0,0,0,0,0,0,0,0,0,0,0,3,1,43
61,3,4,2,4,A,5,5,0,0,0,0,0,0,0,0,0,0,0,0,0,0,0,0,2,2,42
62,3,4,4,11,B,14,9,0,0,0,0,0,0,0,0,0,0,0,0,0,0,0,0,2,1,44
63,3,4,4,10,A,14,1,0,0,0,0,0,0,0,0,0,0,0,0,0,0,0,0,2,1,44
64,3,8,1,15,A,20,5,1,0,0,0,0,0,0,0,0,0,0,0,0,0,0,0,3,1,81
65,3,4,4,12,C,17,2,0,0,0,0,0,0,0,0,0,0,0,0,0,0,0,0,2,1,44
66,3,16,4,36,A,5,3,0,0,0,0,0,0,0,0,0,0,0,0,0,0,0,0,2,1,164
67,3,4,3,7,A,17,1,0,0,0,0,0,0,0,0,0,0,0,0,0,0,0,0,2,1,43
68,3,4,3,8,B,5,7,3,0,0,0,0,0,0,0,0,0,0,0,0,0,0,0,3,2,43
69,3,8,1,17,C,15,7,1,1,0,0,0,0,0,0,0,0,0,0,0,0,0,0,4,1,81
70,3,8,1,16,B,7,2,1,0,4,0,0,0,0,0,0,0,0,0,0,0,0,0,5,2,81
71,3,4,2,6,C,9,1,0,0,0,0,0,0,0,0,0,0,0,0,0,0,0,0,2,1,42
72,3,4,2,5,B,8,7,0,0,0,0,0,0,0,0,0,0,0,0,0,0,0,0,2,1,42
73,3,4,1,3,C,18,14,2,0,0,0,0,0,0,0,0,0,0,0,0,0,0,0,3,1,41
74,3,16,2,31,A,4,21,1,0,0,0,0,0,0,0,0,0,0,0,0,0,0,0,3,2,162
75,5,16,2,32,B,4,1,1,0,1,0,0,0,0,0,0,0,0,0,0,0,0,0,5,1,162
76,5,16,2,33,C,0,2,0,0,2,0,0,0,0,0,0,0,0,0,0,0,0,0,5,5,162
77,5,16,1,28,A,8,12,0,0,0,0,0,0,0,0,0,0,0,0,0,0,0,0,2,2,161
78,5,16,1,29,B,21,9,2,0,0,0,0,0,0,0,0,0,0,0,0,0,0,0,3,1,161
79,5,4,5,13,A,4,1,0,0,0,0,0,0,0,0,0,0,0,0,0,0,0,0,2,1,45
80,5,4,5,14,B,8,4,0,0,0,0,0,0,0,0,0,0,0,0,0,0,0,0,2,1,45
81,5,8,3,20,B,2,5,7,2,0,0,0,0,0,0,0,0,0,0,0,0,0,0,4,3,83
82,5,8,3,19,A,1,1,2,0,0,0,0,0,0,0,0,0,0,0,0,0,0,0,3,3,83
83,5,8,3,21,C,7,5,6,0,0,0,0,0,0,0,0,0,0,0,0,0,0,0,3,2,83
84,5,8,4,22,A,11,4,7,2,0,0,0,0,0,0,0,0,0,0,0,0,0,0,4,2,84
85,5,16,5,37,A,3,0,0,0,0,0,0,0,0,0,0,0,0,0,0,0,0,0,1,1,165
86,5,8,2,18,A,5,1,1,0,0,0,0,0,0,0,0,0,0,0,0,0,0,0,3,1,82
87,5,16,3,35,B,4,1,1,2,0,0,0,0,0,0,0,0,0,0,0,0,0,0,4,2,163
88,5,16,3,34,A,1,3,6,2,4,0,0,0,0,0,0,0,0,0,0,0,0,0,5,3,163
89,5,8,4,23,B,2,3,1,0,0,0,0,0,0,0,0,0,0,0,0,0,0,0,3,2,84
90,5,8,4,24,C,0,5,12,0,0,0,0,0,0,0,0,0,0,0,0,0,0,0,3,3,84
91,5,4,1,1,A,3,10,1,0,0,0,0,0,0,0,0,0,0,0,0,0,0,0,3,2,41
92,5,4,1,2,B,0,8,0,0,0,0,0,0,0,0,0,0,0,0,0,0,0,0,2,2,41
93,5,8,5,25,A,4,6,0,0,0,0,0,0,0,0,0,0,0,0,0,0,0,0,2,2,85
94,5,8,5,26,B,2,7,0,0,0,0,0,0,0,0,0,0,0,0,0,0,0,0,2,2,85
95,5,8,5,27,C,0,1,3,2,0,0,0,0,0,0,0,0,0,0,0,0,0,0,4,3,85
96,5,16,1,30,C,2,1,4,0,0,0,0,0,0,0,0,0,0,0,0,0,0,0,3,3,161
97,5,4,3,9,C,8,3,1,0,0,0,0,0,0,0,0,0,0,0,0,0,0,0,3,1,43
98,5,4,2,4,A,3,2,0,0,0,0,0,0,0,0,0,0,0,0,0,0,0,0,2,1,42
99,5,4,4,11,B,5,6,0,0,0,0,0,0,0,0,0,0,0,0,0,0,0,0,2,2,44
100,5,4,4,10,A,17,2,0,0,0,0,0,0,0,0,0,0,0,0,0,0,0,0,2,1,44
101,5,8,1,15,A,6,10,0,0,0,0,0,0,0,0,0,0,0,0,0,0,0,0,2,2,81
102,5,4,4,12,C,6,4,0,0,0,0,0,0,0,0,0,0,0,0,0,0,0,0,2,1,44
103,5,16,4,36,A,1,4,0,0,0,0,0,0,0,0,0,0,0,0,0,0,0,0,2,2,164
104,5,4,3,7,A,8,3,0,0,0,0,0,0,0,0,0,0,0,0,0,0,0,0,2,1,43
105,5,4,3,8,B,4,3,5,0,0,0,0,0,0,0,0,0,0,0,0,0,0,0,3,2,43
106,5,8,1,17,C,6,3,3,2,0,0,0,0,0,0,0,0,0,0,0,0,0,0,4,2,81
107,5,8,1,16,B,3,1,1,1,4,0,0,0,0,0,0,0,0,0,0,0,0,0,5,4,81
108,5,4,2,6,C,6,2,0,0,0,0,0,0,0,0,0,0,0,0,0,0,0,0,2,1,42
109,5,4,2,5,B,1,7,0,0,0,0,0,0,0,0,0,0,0,0,0,0,0,0,2,2,42
110,5,4,1,3,C,4,7,12,0,0,0,0,0,0,0,0,0,0,0,0,0,0,0,3,3,41
111,5,16,2,31,A,2,3,10,0,0,0,0,0,0,0,0,0,0,0,0,0,0,0,3,3,162
112,7,16,2,32,B,1,1,0,0,0,0,0,0,0,0,0,0,0,0,0,0,0,0,2,2,162
113,7,16,2,33,C,0,2,0,0,1,0,0,0,0,0,0,0,0,0,0,0,0,0,5,2,162
114,7,16,1,28,A,1,9,0,0,0,0,0,0,0,0,0,0,0,0,0,0,0,0,2,2,161
115,7,16,1,29,B,7,6,2,0,0,0,0,0,0,0,0,0,0,0,0,0,0,0,3,2,161
116,7,4,5,13,A,1,0,0,1,0,0,0,0,0,0,0,0,0,0,0,0,0,0,4,4,45
117,7,4,5,14,B,0,0,0,0,0,0,0,0,0,0,0,0,0,0,0,0,0,0,0,0,45
118,7,8,3,20,B,1,0,2,7,0,0,0,0,0,0,0,0,0,0,0,0,0,0,4,4,83
119,7,8,3,19,A,1,2,3,0,0,0,0,0,0,0,0,0,0,0,0,0,0,0,3,3,83
120,7,8,3,21,C,0,4,4,0,0,0,0,0,0,0,0,0,0,0,0,0,0,0,3,3,83
121,7,8,4,22,A,13,1,3,3,0,0,0,0,0,0,0,0,0,0,0,0,0,0,4,1,84
122,7,16,5,37,A,1,1,0,4,0,0,0,0,0,0,0,0,0,0,0,0,0,0,4,4,165
123,7,8,2,18,A,3,1,4,0,0,0,0,0,0,0,0,0,0,0,0,0,0,0,3,3,82
124,7,16,3,35,B,3,0,1,2,0,0,0,0,0,0,0,0,0,0,0,0,0,0,4,3,163
125,7,16,3,34,A,2,0,3,2,2,0,0,0,0,0,0,0,0,0,0,0,0,0,5,3,163
126,7,8,4,23,B,2,3,0,0,0,0,0,0,0,0,0,0,0,0,0,0,0,0,2,2,84
127,7,8,4,24,C,2,2,8,1,0,0,0,0,0,0,0,0,0,0,0,0,0,0,4,3,84
128,7,4,1,1,A,15,8,2,0,0,0,0,0,0,0,0,0,0,0,0,0,0,0,3,1,41
129,7,4,1,2,B,3,13,0,0,0,0,0,0,0,0,0,0,0,0,0,0,0,0,2,2,41
130,7,8,5,25,A,4,3,1,0,0,0,0,0,0,0,0,0,0,0,0,0,0,0,3,2,85
131,7,8,5,26,B,4,3,0,0,0,0,0,0,0,0,0,0,0,0,0,0,0,0,2,1,85
132,7,8,5,27,C,1,3,0,3,0,0,0,0,0,0,0,0,0,0,0,0,0,0,4,2,85
133,7,16,1,30,C,2,0,2,0,0,0,0,0,0,0,0,0,0,0,0,0,0,0,3,3,161
134,7,4,3,9,C,5,0,2,0,0,0,0,0,0,0,0,0,0,0,0,0,0,0,3,1,43
135,7,4,2,4,A,2,0,0,0,0,0,0,0,0,0,0,0,0,0,0,0,0,0,1,1,42
136,7,4,4,11,B,1,6,0,0,0,0,0,0,0,0,0,0,0,0,0,0,0,0,2,2,44
137,7,4,4,10,A,11,1,0,0,0,0,0,0,0,0,0,0,0,0,0,0,0,0,2,1,44
138,7,8,1,15,A,6,3,0,0,0,0,0,0,0,0,0,0,0,0,0,0,0,0,2,1,81
139,7,4,4,12,C,2,3,0,0,0,0,0,0,0,0,0,0,0,0,0,0,0,0,2,2,44
140,7,16,4,36,A,3,0,2,0,0,0,0,0,0,0,0,0,0,0,0,0,0,0,3,1,164
141,7,4,3,7,A,3,0,1,1,0,0,0,0,0,0,0,0,0,0,0,0,0,0,4,1,43
142,7,4,3,8,B,1,0,4,0,0,0,0,0,0,0,0,0,0,0,0,0,0,0,3,3,43
143,7,8,1,17,C,2,1,0,3,0,0,0,0,0,0,0,0,0,0,0,0,0,0,4,4,81
144,7,8,1,16,B,1,0,1,0,2,1,0,0,0,0,0,0,0,0,0,0,0,0,6,5,81
145,7,4,2,6,C,4,3,0,0,0,0,0,0,0,0,0,0,0,0,0,0,0,0,2,1,42
146,7,4,2,5,B,0,3,1,0,0,0,0,0,0,0,0,0,0,0,0,0,0,0,3,2,42
147,7,4,1,3,C,2,0,19,0,0,0,0,0,0,0,0,0,0,0,0,0,0,0,3,3,41
148,7,16,2,31,A,1,7,4,1,0,0,0,0,0,0,0,0,0,0,0,0,0,0,4,2,162
149,9,16,2,32,B,0,0,1,0,1,0,0,0,0,0,0,0,0,0,0,0,0,0,5,5,162
150,9,16,2,33,C,0,1,0,1,0,1,0,0,0,0,0,0,0,0,0,0,0,0,6,4,162
151,9,16,1,28,A,0,8,0,0,0,0,0,0,0,0,0,0,0,0,0,0,0,0,2,2,161
152,9,16,1,29,B,2,4,1,0,0,0,0,0,0,0,0,0,0,0,0,0,0,0,3,2,161
153,9,4,5,13,A,0,0,0,1,0,0,0,0,0,0,0,0,0,0,0,0,0,0,4,4,45
154,9,4,5,14,B,0,0,1,0,0,0,0,0,0,0,0,0,0,0,0,0,0,0,3,3,45
155,9,8,3,20,B,3,1,0,0,0,0,0,0,0,0,0,0,0,0,0,0,0,0,2,1,83
156,9,8,3,19,A,0,2,0,0,0,0,0,0,0,0,0,0,0,0,0,0,0,0,2,2,83
157,9,8,3,21,C,0,1,1,2,0,0,0,0,0,0,0,0,0,0,0,0,0,0,4,4,83
158,9,8,4,22,A,0,0,2,3,0,0,0,0,0,0,0,0,0,0,0,0,0,0,4,4,84
159,9,16,5,37,A,1,0,0,4,0,0,0,0,0,0,0,0,0,0,0,0,0,0,4,4,165
160,9,8,2,18,A,2,0,3,0,0,0,0,0,0,0,0,0,0,0,0,0,0,0,3,3,82
161,9,16,3,35,B,3,0,0,2,0,0,0,0,0,0,0,0,0,0,0,0,0,0,4,1,163
162,9,16,3,34,A,2,0,2,0,1,0,0,0,0,0,0,0,0,0,0,0,0,0,5,3,163
163,9,8,4,23,B,0,3,0,0,0,0,0,0,0,0,0,0,0,0,0,0,0,0,2,2,84
164,9,8,4,24,C,3,0,6,1,0,0,0,0,0,0,0,0,0,0,0,0,0,0,4,3,84
165,9,4,1,1,A,11,4,3,0,0,0,0,0,0,0,0,0,0,0,0,0,0,0,3,1,41
166,9,4,1,2,B,1,11,0,0,0,0,0,0,0,0,0,0,0,0,0,0,0,0,2,2,41
167,9,8,5,25,A,0,2,1,0,0,0,0,0,0,0,0,0,0,0,0,0,0,0,3,2,85
168,9,8,5,26,B,0,4,0,0,0,0,0,0,0,0,0,0,0,0,0,0,0,0,2,2,85
169,9,8,5,27,C,1,1,1,0,0,0,0,0,0,0,0,0,0,0,0,0,0,0,3,2,85
170,9,16,1,30,C,0,1,0,0,0,0,0,0,0,0,0,0,0,0,0,0,0,0,2,2,161
171,9,4,3,9,C,0,1,1,0,0,0,0,0,0,0,0,0,0,0,0,0,0,0,3,3,43
172,9,4,2,4,A,0,0,0,0,0,0,0,0,0,0,0,0,0,0,0,0,0,0,0,0,42
173,9,4,4,11,B,1,2,0,0,0,0,0,0,0,0,0,0,0,0,0,0,0,0,2,2,44
174,9,4,4,10,A,2,0,0,0,0,0,0,0,0,0,0,0,0,0,0,0,0,0,1,1,44
175,9,8,1,15,A,5,1,0,0,0,0,0,0,0,0,0,0,0,0,0,0,0,0,2,1,81
176,9,4,4,12,C,7,1,0,0,0,0,0,0,0,0,0,0,0,0,0,0,0,0,2,1,44
177,9,16,4,36,A,0,0,2,0,0,0,0,0,0,0,0,0,0,0,0,0,0,0,3,3,164
178,9,4,3,7,A,5,0,0,1,0,0,0,0,0,0,0,0,0,0,0,0,0,0,4,1,43
179,9,4,3,8,B,3,0,6,2,0,0,0,0,0,0,0,0,0,0,0,0,0,0,4,3,43
180,9,8,1,17,C,3,1,0,2,1,0,0,0,0,0,0,0,0,0,0,0,0,0,5,2,81
181,9,8,1,16,B,0,1,0,1,2,0,0,0,0,0,0,0,0,0,0,0,0,0,5,5,81
182,9,4,2,6,C,2,2,2,0,0,0,0,0,0,0,0,0,0,0,0,0,0,0,3,2,42
183,9,4,2,5,B,0,2,0,0,0,0,0,0,0,0,0,0,0,0,0,0,0,0,2,2,42
184,9,4,1,3,C,1,1,8,1,0,0,0,0,0,0,0,0,0,0,0,0,0,0,4,3,41
185,9,16,2,31,A,1,4,4,2,0,0,0,0,0,0,0,0,0,0,0,0,0,0,4,3,162
186,11,16,2,32,B,0,0,0,0,0,1,0,0,0,0,0,0,0,0,0,0,0,0,6,6,162
187,11,16,2,33,C,0,0,0,2,0,1,0,0,0,0,0,0,0,0,0,0,0,0,6,4,162
188,11,16,1,28,A,0,2,0,0,0,0,0,0,0,0,0,0,0,0,0,0,0,0,2,2,161
189,11,16,1,29,B,1,0,3,0,0,0,0,0,0,0,0,0,0,0,0,0,0,0,3,3,161
190,11,4,5,13,A,0,0,0,1,0,0,0,0,0,0,0,0,0,0,0,0,0,0,4,4,45
191,11,4,5,14,B,0,0,0,0,0,0,0,0,0,0,0,0,0,0,0,0,0,0,0,0,45
192,11,8,3,20,B,1,0,0,0,0,0,0,0,0,0,0,0,0,0,0,0,0,0,1,1,83
193,11,8,3,19,A,0,0,3,0,0,0,0,0,0,0,0,0,0,0,0,0,0,0,3,3,83
194,11,8,3,21,C,3,1,1,2,0,0,0,0,0,0,0,0,0,0,0,0,0,0,4,2,83
195,11,8,4,22,A,1,0,1,3,0,0,0,0,0,0,0,0,0,0,0,0,0,0,4,4,84
196,11,16,5,37,A,1,0,1,3,0,0,0,0,0,0,0,0,0,0,0,0,0,0,4,4,165
197,11,8,2,18,A,0,0,2,0,0,0,0,0,0,0,0,0,0,0,0,0,0,0,3,3,82
198,11,16,3,35,B,3,1,0,2,0,0,0,0,0,0,0,0,0,0,0,0,0,0,4,2,163
199,11,16,3,34,A,0,0,3,1,1,1,0,0,0,0,0,0,0,0,0,0,0,0,6,4,163
200,11,8,4,23,B,0,2,0,0,0,0,0,0,0,0,0,0,0,0,0,0,0,0,2,2,84
201,11,8,4,24,C,4,3,5,1,0,0,0,0,0,0,0,0,0,0,0,0,0,0,4,2,84
202,11,4,1,1,A,8,2,3,0,0,0,0,0,0,0,0,0,0,0,0,0,0,0,3,1,41
203,11,4,1,2,B,0,10,0,0,0,0,0,0,0,0,0,0,0,0,0,0,0,0,2,2,41
204,11,8,5,25,A,0,2,0,1,0,0,0,0,0,0,0,0,0,0,0,0,0,0,4,2,85
205,11,8,5,26,B,2,3,0,0,0,0,0,0,0,0,0,0,0,0,0,0,0,0,2,2,85
206,11,8,5,27,C,2,1,0,0,0,0,0,0,0,0,0,0,0,0,0,0,0,0,2,1,85
207,11,16,1,30,C,0,0,6,1,0,0,0,0,0,0,0,0,0,0,0,0,0,0,4,3,161
208,11,4,3,9,C,0,0,1,0,0,0,0,0,0,0,0,0,0,0,0,0,0,0,3,3,43
209,11,4,2,4,A,0,0,0,0,0,0,0,0,0,0,0,0,0,0,0,0,0,0,0,0,42
210,11,4,4,11,B,1,2,1,0,0,0,0,0,0,0,0,0,0,0,0,0,0,0,3,2,44
211,11,4,4,10,A,3,0,0,0,0,0,0,0,0,0,0,0,0,0,0,0,0,0,1,1,44
212,11,8,1,15,A,2,2,0,0,0,0,0,0,0,0,0,0,0,0,0,0,0,0,2,2,81
213,11,4,4,12,C,4,1,0,0,0,0,0,0,0,0,0,0,0,0,0,0,0,0,2,1,44
214,11,16,4,36,A,0,0,1,0,0,0,0,0,0,0,0,0,0,0,0,0,0,0,3,3,164
215,11,4,3,7,A,0,0,1,0,0,0,0,0,0,0,0,0,0,0,0,0,0,0,3,3,43
216,11,4,3,8,B,1,0,0,2,0,0,0,0,0,0,0,0,0,0,0,0,0,0,4,4,43
217,11,8,1,17,C,2,0,0,0,1,0,0,0,0,0,0,0,0,0,0,0,0,0,5,1,81
218,11,8,1,16,B,0,0,0,0,3,0,0,0,0,0,0,0,0,0,0,0,0,0,5,5,81
219,11,4,2,6,C,0,1,2,0,0,0,0,0,0,0,0,0,0,0,0,0,0,0,3,3,42
220,11,4,2,5,B,0,0,0,0,0,0,0,0,0,0,0,0,0,0,0,0,0,0,0,0,42
221,11,4,1,3,C,1,0,5,2,0,0,0,0,0,0,0,0,0,0,0,0,0,0,4,3,41
222,11,16,2,31,A,0,0,2,1,0,0,0,0,0,0,0,0,0,0,0,0,0,0,4,3,162
223,13,16,2,32,B,3,0,0,0,0,0,0,0,0,0,0,0,0,0,0,0,0,0,1,1,162
224,13,16,2,33,C,3,0,3,0,0,0,0,0,0,0,0,0,0,0,0,0,0,0,3,3,162
225,13,16,1,28,A,1,2,0,0,0,0,0,0,0,0,0,0,0,0,0,0,0,0,2,2,161
226,13,16,1,29,B,6,1,0,5,1,0,0,0,0,0,0,0,0,0,0,0,0,0,5,2,161
227,13,4,5,13,A,0,0,0,4,0,0,0,0,0,0,0,0,0,0,0,0,0,0,4,4,45
228,13,4,5,14,B,0,0,0,0,0,0,0,0,0,0,0,0,0,0,0,0,0,0,0,0,45
229,13,8,3,20,B,0,0,0,0,0,0,0,0,0,0,0,0,0,0,0,0,0,0,0,0,83
230,13,8,3,19,A,0,0,1,0,0,0,0,0,0,0,0,0,0,0,0,0,0,0,3,3,83
231,13,8,3,21,C,0,0,0,3,0,0,0,0,0,0,0,0,0,0,0,0,0,0,4,4,83
232,13,8,4,22,A,0,0,1,18,0,0,0,0,0,0,0,0,0,0,0,0,0,0,4,4,84
233,13,16,5,37,A,6,0,0,3,0,0,0,0,0,0,0,0,0,0,0,0,0,0,4,1,165
234,13,8,2,18,A,0,0,3,0,0,0,0,0,0,0,0,0,0,0,0,0,0,0,3,3,82
235,13,16,3,35,B,2,0,0,0,0,0,0,0,0,0,0,0,0,0,0,0,0,0,1,1,163
236,13,16,3,34,A,0,0,1,0,1,0,0,0,0,0,0,0,0,0,0,0,0,0,5,5,163
237,13,8,4,23,B,5,7,0,0,0,0,0,0,0,0,0,0,0,0,0,0,0,0,2,2,84
238,13,8,4,24,C,2,0,5,1,0,0,0,0,0,0,0,0,0,0,0,0,0,0,4,3,84
239,13,4,1,1,A,7,0,1,1,0,0,0,0,0,0,0,0,0,0,0,0,0,0,4,1,41
240,13,4,1,2,B,0,6,0,0,0,0,0,0,0,0,0,0,0,0,0,0,0,0,2,2,41
241,13,8,5,25,A,0,2,0,0,0,0,0,0,0,0,0,0,0,0,0,0,0,0,2,2,85
242,13,8,5,26,B,3,0,0,0,0,0,0,0,0,0,0,0,0,0,0,0,0,0,1,1,85
243,13,8,5,27,C,1,0,0,0,0,0,0,0,0,0,0,0,0,0,0,0,0,0,1,1,85
244,13,16,1,30,C,0,13,2,0,0,0,0,0,0,0,0,0,0,0,0,0,0,0,3,2,161
245,13,4,3,9,C,0,0,7,0,0,0,0,0,0,0,0,0,0,0,0,0,0,0,3,3,43
246,13,4,2,4,A,0,0,6,0,0,0,0,0,0,0,0,0,0,0,0,0,0,0,3,3,42
247,13,4,4,11,B,3,1,0,0,0,0,0,0,0,0,0,0,0,0,0,0,0,0,2,1,44
248,13,4,4,10,A,6,1,0,0,0,0,0,0,0,0,0,0,0,0,0,0,0,0,2,1,44
249,13,8,1,15,A,2,0,0,0,0,0,0,0,0,0,0,0,0,0,0,0,0,0,1,1,81
250,13,4,4,12,C,6,1,0,0,0,0,0,0,0,0,0,0,0,0,0,0,0,0,2,1,44
251,13,16,4,36,A,0,0,0,0,0,0,0,0,0,0,0,0,0,0,0,0,0,0,0,0,164
252,13,4,3,7,A,0,0,3,1,0,0,0,0,0,0,0,0,0,0,0,0,0,0,4,3,43
253,13,4,3,8,B,21,0,9,1,0,0,0,0,0,0,0,0,0,0,0,0,0,0,4,1,43
254,13,8,1,17,C,1,0,0,5,1,0,0,0,0,0,0,0,0,0,0,0,0,0,5,4,81
255,13,8,1,16,B,16,19,2,4,2,0,0,0,0,0,0,0,0,0,0,0,0,0,5,2,81
256,13,4,2,6,C,0,0,1,0,0,0,0,0,0,0,0,0,0,0,0,0,0,0,3,3,42
257,13,4,2,5,B,0,0,0,0,0,0,0,0,0,0,0,0,0,0,0,0,0,0,0,0,42
258,13,4,1,3,C,2,0,4,1,0,0,0,0,0,0,0,0,0,0,0,0,0,0,4,3,41
259,13,16,2,31,A,0,0,27,1,0,0,0,0,0,0,0,0,0,0,0,0,0,0,4,3,162
260,15,16,2,32,B,0,1,8,7,2,0,0,0,0,0,0,0,0,0,0,0,0,0,5,4,162
261,15,16,2,33,C,0,1,8,10,0,0,0,0,0,0,0,0,0,0,0,0,0,0,4,4,162
262,15,16,1,28,A,0,1,1,0,0,0,0,0,0,0,0,0,0,0,0,0,0,0,3,3,161
263,15,16,1,29,B,1,2,0,3,0,0,0,0,0,0,0,0,0,0,0,0,0,0,4,4,161
264,15,4,5,13,A,0,0,0,10,0,0,0,0,0,0,0,0,0,0,0,0,0,0,4,4,45
265,15,4,5,14,B,0,0,0,0,0,0,0,0,0,0,0,0,0,0,0,0,0,0,0,0,45
266,15,8,3,20,B,1,0,0,0,0,0,0,0,0,0,0,0,0,0,0,0,0,0,1,1,83
267,15,8,3,19,A,0,0,0,0,0,0,0,0,0,0,0,0,0,0,0,0,0,0,0,0,83
268,15,8,3,21,C,0,0,0,3,0,0,0,0,0,0,0,0,0,0,0,0,0,0,4,4,83
269,15,8,4,22,A,2,0,0,35,0,0,0,0,0,0,0,0,0,0,0,0,0,0,4,4,84
270,15,16,5,37,A,2,0,5,2,0,0,0,0,0,0,0,0,0,0,0,0,0,0,4,3,165
271,15,8,2,18,A,0,3,6,0,0,0,0,0,0,0,0,0,0,0,0,0,0,0,3,3,82
272,15,16,3,35,B,3,0,0,4,0,0,0,0,0,0,0,0,0,0,0,0,0,0,4,4,163
273,15,16,3,34,A,3,1,2,0,3,0,0,0,0,0,0,0,0,0,0,0,0,0,5,3,163
274,15,8,4,23,B,5,1,4,0,0,0,0,0,0,0,0,0,0,0,0,0,0,0,3,2,84
275,15,8,4,24,C,10,0,0,0,0,0,0,0,0,0,0,0,0,0,0,0,0,0,1,1,84
276,15,4,1,1,A,10,0,1,0,0,0,0,0,0,0,0,0,0,0,0,0,0,0,3,1,41
277,15,4,1,2,B,0,7,0,0,0,0,0,0,0,0,0,0,0,0,0,0,0,0,2,2,41
278,15,8,5,25,A,5,0,0,0,0,0,0,0,0,0,0,0,0,0,0,0,0,0,1,1,85
279,15,8,5,26,B,6,12,0,0,0,0,0,0,0,0,0,0,0,0,0,0,0,0,2,2,85
280,15,8,5,27,C,3,1,1,0,0,0,0,0,0,0,0,0,0,0,0,0,0,0,3,1,85
281,15,16,1,30,C,0,1,16,3,0,0,0,0,0,0,0,0,0,0,0,0,0,0,4,3,161
282,15,4,3,9,C,5,3,2,0,1,0,0,0,0,0,0,0,0,0,0,0,0,0,5,2,43
283,15,4,2,4,A,3,5,1,0,0,0,0,0,0,0,0,0,0,0,0,0,0,0,3,2,42
284,15,4,4,11,B,2,1,0,0,0,0,0,0,0,0,0,0,0,0,0,0,0,0,2,1,44
285,15,4,4,10,A,3,0,0,0,0,0,0,0,0,0,0,0,0,0,0,0,0,0,1,1,44
286,15,8,1,15,A,1,4,0,0,0,0,0,0,0,0,0,0,0,0,0,0,0,0,2,2,81
287,15,4,4,12,C,6,2,0,0,0,0,0,0,0,0,0,0,0,0,0,0,0,0,2,1,44
288,15,16,4,36,A,3,0,8,0,0,0,0,0,0,0,0,0,0,0,0,0,0,0,3,3,164
289,15,4,3,7,A,0,0,2,0,0,0,0,0,0,0,0,0,0,0,0,0,0,0,3,3,43
290,15,4,3,8,B,10,0,25,1,0,0,0,0,0,0,0,0,0,0,0,0,0,0,4,3,43
291,15,8,1,17,C,2,5,0,13,1,0,0,0,0,0,0,0,0,0,0,0,0,0,5,4,81
292,15,8,1,16,B,1,0,3,9,5,0,0,0,0,0,0,0,0,0,0,0,0,0,5,4,81
293,15,4,2,6,C,3,0,9,0,0,0,0,0,0,0,0,0,0,0,0,0,0,0,3,3,42
294,15,4,2,5,B,1,1,1,0,0,0,0,0,0,0,0,0,0,0,0,0,0,0,3,2,42
295,15,4,1,3,C,1,4,8,3,0,0,0,0,0,0,0,0,0,0,0,0,0,0,4,3,41
296,15,16,2,31,A,2,3,8,2,0,0,0,0,0,0,0,0,0,0,0,0,0,0,4,3,162
297,17,16,2,32,B,1,0,0,0,4,0,0,0,0,0,0,0,0,0,0,0,0,0,5,5,162
298,17,16,2,33,C,1,1,14,6,2,0,0,0,0,0,0,0,0,0,0,0,0,0,5,3,162
299,17,16,1,28,A,3,5,7,0,0,0,0,0,0,0,0,0,0,0,0,0,0,0,3,2,161
300,17,16,1,29,B,9,7,0,3,2,0,0,0,0,0,0,0,0,0,0,0,0,0,5,2,161
301,17,4,5,13,A,0,0,0,9,0,0,0,0,0,0,0,0,0,0,0,0,0,0,4,4,45
302,17,4,5,14,B,1,0,0,0,0,0,0,0,0,0,0,0,0,0,0,0,0,0,1,1,45
303,17,8,3,20,B,0,2,0,1,3,0,0,0,0,0,0,0,0,0,0,0,0,0,5,5,83
304,17,8,3,19,A,0,7,3,0,0,0,0,0,0,0,0,0,0,0,0,0,0,0,3,2,83
305,17,8,3,21,C,0,0,0,10,0,0,0,0,0,0,0,0,0,0,0,0,0,0,4,4,83
306,17,8,4,22,A,1,4,4,26,3,0,0,0,0,0,0,0,0,0,0,0,0,0,5,4,84
307,17,16,5,37,A,3,0,3,7,5,0,0,0,0,0,0,0,0,0,0,0,0,0,5,4,165
308,17,8,2,18,A,5,1,5,2,0,0,0,0,0,0,0,0,0,0,0,0,0,0,4,3,82
309,17,16,3,35,B,2,0,7,9,2,0,0,0,0,0,0,0,0,0,0,0,0,0,5,4,163
310,17,16,3,34,A,0,3,0,2,7,0,0,0,0,0,0,0,0,0,0,0,0,0,5,5,163
311,17,8,4,23,B,1,3,3,7,0,0,0,0,0,0,0,0,0,0,0,0,0,0,4,4,84
312,17,8,4,24,C,9,2,4,4,0,0,0,0,0,0,0,0,0,0,0,0,0,0,4,2,84
313,17,4,1,1,A,5,1,1,3,0,0,0,0,0,0,0,0,0,0,0,0,0,0,4,2,41
314,17,4,1,2,B,0,3,10,2,0,0,0,0,0,0,0,0,0,0,0,0,0,0,4,3,41
315,17,8,5,25,A,0,0,7,3,2,0,0,0,0,0,0,0,0,0,0,0,0,0,5,3,85
316,17,8,5,26,B,5,10,13,0,0,0,0,0,0,0,0,0,0,0,0,0,0,0,3,2,85
317,17,8,5,27,C,9,3,2,0,0,0,0,0,0,0,0,0,0,0,0,0,0,0,3,1,85
318,17,16,1,30,C,2,3,13,6,2,0,0,0,0,0,0,0,0,0,0,0,0,0,5,3,161
319,17,4,3,9,C,1,2,0,16,0,0,0,0,0,0,0,0,0,0,0,0,0,0,4,4,43
320,17,4,2,4,A,2,2,2,0,0,0,0,0,0,0,0,0,0,0,0,0,0,0,3,2,42
321,17,4,4,11,B,3,0,2,0,0,0,0,0,0,0,0,0,0,0,0,0,0,0,3,1,44
322,17,4,4,10,A,3,0,0,0,0,0,0,0,0,0,0,0,0,0,0,0,0,0,1,1,44
323,17,8,1,15,A,1,3,0,0,0,0,0,0,0,0,0,0,0,0,0,0,0,0,2,2,81
324,17,4,4,12,C,0,1,0,0,0,0,0,0,0,0,0,0,0,0,0,0,0,0,2,2,44
325,17,16,4,36,A,5,3,9,0,0,0,0,0,0,0,0,0,0,0,0,0,0,0,3,3,164
326,17,4,3,7,A,1,0,1,5,0,0,0,0,0,0,0,0,0,0,0,0,0,0,4,4,43
327,17,4,3,8,B,6,2,10,1,4,0,0,0,0,0,0,0,0,0,0,0,0,0,5,3,43
328,17,8,1,17,C,5,0,1,28,10,4,0,0,0,0,0,0,0,0,0,0,0,0,6,4,81
329,17,8,1,16,B,0,1,1,13,10,20,3,0,0,0,0,0,0,0,0,0,0,0,7,5,81
330,17,4,2,6,C,0,3,10,1,0,0,0,0,0,0,0,0,0,0,0,0,0,0,4,3,42
331,17,4,2,5,B,0,0,1,0,0,0,0,0,0,0,0,0,0,0,0,0,0,0,3,3,42
332,17,4,1,3,C,0,7,2,20,0,0,0,0,0,0,0,0,0,0,0,0,0,0,4,4,41
333,17,16,2,31,A,1,0,0,4,0,0,0,0,0,0,0,0,0,0,0,0,0,0,4,4,162
334,19,16,2,32,B,0,0,0,3,8,0,0,0,0,0,0,0,0,0,0,0,0,0,5,5,162
335,19,16,2,33,C,0,1,12,2,0,0,0,0,0,0,0,0,0,0,0,0,0,0,4,3,162
336,19,16,1,28,A,0,0,9,0,0,0,0,0,0,0,0,0,0,0,0,0,0,0,3,3,161
337,19,16,1,29,B,4,3,2,1,1,0,0,0,0,0,0,0,0,0,0,0,0,0,5,2,161
338,19,4,5,13,A,2,1,0,7,0,0,0,0,0,0,0,0,0,0,0,0,0,0,4,4,45
339,19,4,5,14,B,3,0,0,0,0,0,0,0,0,0,0,0,0,0,0,0,0,0,1,1,45
340,19,8,3,20,B,0,0,0,0,14,0,0,0,0,0,0,0,0,0,0,0,0,0,5,5,83
341,19,8,3,19,A,2,2,10,0,0,0,0,0,0,0,0,0,0,0,0,0,0,0,3,3,83
342,19,8,3,21,C,0,0,0,0,0,0,0,0,0,0,0,0,0,0,0,0,0,0,0,0,83
343,19,8,4,22,A,0,1,1,23,18,0,0,0,0,0,0,0,0,0,0,0,0,0,5,4,84
344,19,16,5,37,A,2,0,0,5,4,0,0,0,0,0,0,0,0,0,0,0,0,0,5,4,165
345,19,8,2,18,A,2,0,6,1,0,0,0,0,0,0,0,0,0,0,0,0,0,0,4,3,82
346,19,16,3,35,B,0,0,5,9,5,0,0,0,0,0,0,0,0,0,0,0,0,0,5,4,163
347,19,16,3,34,A,1,6,4,9,27,5,0,0,0,0,0,0,0,0,0,0,0,0,6,5,163
348,19,8,4,23,B,0,0,2,9,0,0,0,0,0,0,0,0,0,0,0,0,0,0,4,4,84
349,19,8,4,24,C,3,0,6,0,0,0,0,0,0,0,0,0,0,0,0,0,0,0,3,3,84
350,19,4,1,1,A,2,1,19,4,0,0,0,0,0,0,0,0,0,0,0,0,0,0,4,3,41
351,19,4,1,2,B,0,6,5,2,0,0,0,0,0,0,0,0,0,0,0,0,0,0,4,3,41
352,19,8,5,25,A,1,0,4,3,3,0,0,0,0,0,0,0,0,0,0,0,0,0,5,4,85
353,19,8,5,26,B,4,10,9,0,1,0,0,0,0,0,0,0,0,0,0,0,0,0,5,2,85
354,19,8,5,27,C,4,2,2,0,0,0,0,0,0,0,0,0,0,0,0,0,0,0,3,2,85
355,19,16,1,30,C,0,0,11,1,1,0,0,0,0,0,0,0,0,0,0,0,0,0,5,3,161
356,19,4,3,9,C,3,0,4,13,6,1,0,0,0,0,0,0,0,0,0,0,0,0,6,4,43
357,19,4,2,4,A,1,7,2,0,0,0,0,0,0,0,0,0,0,0,0,0,0,0,3,2,42
358,19,4,4,11,B,3,1,2,0,0,0,0,0,0,0,0,0,0,0,0,0,0,0,3,2,44
359,19,4,4,10,A,0,4,0,0,0,0,0,0,0,0,0,0,0,0,0,0,0,0,2,2,44
360,19,8,1,15,A,4,1,0,0,0,0,0,0,0,0,0,0,0,0,0,0,0,0,2,1,81
361,19,4,4,12,C,0,2,0,0,0,0,0,0,0,0,0,0,0,0,0,0,0,0,2,2,44
362,19,16,4,36,A,3,2,4,2,1,0,0,0,0,0,0,0,0,0,0,0,0,0,5,3,164
363,19,4,3,7,A,0,0,0,4,0,0,0,0,0,0,0,0,0,0,0,0,0,0,4,4,43
364,19,4,3,8,B,7,1,12,6,3,0,0,0,0,0,0,0,0,0,0,0,0,0,5,3,43
365,19,8,1,17,C,3,0,0,10,27,4,0,1,0,0,0,0,0,0,0,0,0,0,8,5,81
366,19,8,1,16,B,0,0,0,27,14,17,9,3,0,1,3,0,0,0,0,0,0,0,11,5,81
367,19,4,2,6,C,0,0,15,4,0,0,0,0,0,0,0,0,0,0,0,0,0,0,4,3,42
368,19,4,2,5,B,4,1,5,0,0,0,0,0,0,0,0,0,0,0,0,0,0,0,3,3,42
369,19,4,1,3,C,0,1,0,21,8,0,0,0,0,0,0,0,0,0,0,0,0,0,5,4,41
370,19,16,2,31,A,0,0,1,9,0,0,0,0,0,0,0,0,0,0,0,0,0,0,4,4,162
371,21,16,2,32,B,1,1,1,0,3,0,0,0,0,0,0,0,0,0,0,0,0,0,5,5,162
372,21,16,2,33,C,0,2,6,3,0,0,0,0,0,0,0,0,0,0,0,0,0,0,4,3,162
373,21,16,1,28,A,1,1,9,0,0,0,0,0,0,0,0,0,0,0,0,0,0,0,3,3,161
374,21,16,1,29,B,3,0,0,1,1,0,0,0,0,0,0,0,0,0,0,0,0,0,5,1,161
375,21,4,5,13,A,1,0,0,5,0,0,0,0,0,0,0,0,0,0,0,0,0,0,4,4,45
376,21,4,5,14,B,1,0,0,0,0,0,0,0,0,0,0,0,0,0,0,0,0,0,1,1,45
377,21,8,3,20,B,2,0,0,1,18,0,0,0,0,0,0,0,0,0,0,0,0,0,5,5,83
378,21,8,3,19,A,1,1,3,0,0,0,0,0,0,0,0,0,0,0,0,0,0,0,3,3,83
379,21,8,3,21,C,0,0,1,0,0,0,0,0,0,0,0,0,0,0,0,0,0,0,3,3,83
380,21,8,4,22,A,4,7,4,10,11,0,0,0,0,0,0,0,0,0,0,0,0,0,5,4,84
381,21,16,5,37,A,2,0,0,5,3,5,0,0,0,0,0,0,0,0,0,0,0,0,6,5,165
382,21,8,2,18,A,3,3,11,2,0,0,0,0,0,0,0,0,0,0,0,0,0,0,4,3,82
383,21,16,3,35,B,1,1,6,1,8,0,0,0,0,0,0,0,0,0,0,0,0,0,5,4,163
384,21,16,3,34,A,2,0,3,2,1,7,1,1,0,0,0,0,0,0,0,0,0,0,8,6,163
385,21,8,4,23,B,1,1,0,7,0,0,0,0,0,0,0,0,0,0,0,0,0,0,4,4,84
386,21,8,4,24,C,3,4,2,0,1,0,0,0,0,0,0,0,0,0,0,0,0,0,5,2,84
387,21,4,1,1,A,5,0,0,0,5,0,0,0,0,0,0,0,0,0,0,0,0,0,5,5,41
388,21,4,1,2,B,0,7,12,1,3,0,0,0,0,0,0,0,0,0,0,0,0,0,5,3,41
389,21,8,5,25,A,3,0,5,2,5,0,0,0,0,0,0,0,0,0,0,0,0,0,5,3,85
390,21,8,5,26,B,3,7,8,1,0,0,0,0,0,0,0,0,0,0,0,0,0,0,4,2,85
391,21,8,5,27,C,2,0,0,0,0,0,0,0,0,0,0,0,0,0,0,0,0,0,1,1,85
392,21,16,1,30,C,2,1,6,2,2,1,0,0,0,0,0,0,0,0,0,0,0,0,6,3,161
393,21,4,3,9,C,0,0,1,10,5,9,1,2,0,0,0,0,0,0,0,0,0,0,8,5,43
394,21,4,2,4,A,0,3,1,1,0,0,0,0,0,0,0,0,0,0,0,0,0,0,4,2,42
395,21,4,4,11,B,1,0,5,2,0,0,0,0,0,0,0,0,0,0,0,0,0,0,4,3,44
396,21,4,4,10,A,0,0,0,0,0,0,0,0,0,0,0,0,0,0,0,0,0,0,0,0,44
397,21,8,1,15,A,1,2,0,0,0,0,0,0,0,0,0,0,0,0,0,0,0,0,2,2,81
398,21,4,4,12,C,0,0,0,0,0,0,0,0,0,0,0,0,0,0,0,0,0,0,0,0,44
399,21,16,4,36,A,3,2,4,1,5,0,0,0,0,0,0,0,0,0,0,0,0,0,5,3,164
400,21,4,3,7,A,0,0,0,3,0,0,0,0,0,0,0,0,0,0,0,0,0,0,4,4,43
401,21,4,3,8,B,3,0,2,3,3,0,0,0,0,0,0,0,0,0,0,0,0,0,5,4,43
402,21,8,1,17,C,2,0,0,1,21,3,3,3,1,0,0,0,0,0,0,0,0,0,9,5,81
403,21,8,1,16,B,0,0,0,11,8,12,2,3,4,2,1,1,0,0,0,0,0,0,12,6,81
404,21,4,2,6,C,0,3,8,9,6,0,0,0,0,0,0,0,0,0,0,0,0,0,5,4,42
405,21,4,2,5,B,0,1,2,0,0,0,0,0,0,0,0,0,0,0,0,0,0,0,3,3,42
406,21,4,1,3,C,5,3,1,7,9,2,0,1,0,0,0,0,0,0,0,0,0,0,8,4,41
407,21,16,2,31,A,1,2,0,7,2,0,0,0,0,0,0,0,0,0,0,0,0,0,5,4,162
408,23,16,2,32,B,0,0,0,1,0,1,1,0,0,0,0,0,0,0,0,0,0,0,7,6,162
409,23,16,2,33,C,0,0,2,0,1,0,0,2,0,0,0,0,0,0,0,0,0,0,8,5,162
410,23,16,1,28,A,NA,NA,NA,NA,NA,NA,NA,NA,NA,NA,NA,NA,NA,NA,NA,NA,NA,NA,NA,NA,161
411,23,16,1,29,B,NA,NA,NA,NA,NA,NA,NA,NA,NA,NA,NA,NA,NA,NA,NA,NA,NA,NA,NA,NA,161
412,23,4,5,13,A,0,0,0,3,0,0,0,0,0,0,0,0,0,0,0,0,0,0,4,4,45
413,23,4,5,14,B,0,0,0,0,0,0,0,0,0,0,0,0,0,0,0,0,0,0,0,0,45
414,23,8,3,20,B,1,0,0,0,1,6,0,3,0,0,0,0,0,0,0,0,0,0,8,6,83
415,23,8,3,19,A,1,1,1,0,0,0,0,0,0,0,0,0,0,0,0,0,0,0,3,2,83
416,23,8,3,21,C,0,0,1,1,0,0,0,0,0,0,0,0,0,0,0,0,0,0,4,4,83
417,23,8,4,22,A,0,0,1,3,9,7,0,0,0,0,0,0,0,0,0,0,0,0,6,5,84
418,23,16,5,37,A,0,0,0,4,2,5,3,1,0,0,0,0,0,0,0,0,0,0,8,6,165
419,23,8,2,18,A,0,1,1,1,0,0,0,0,0,0,0,0,0,0,0,0,0,0,4,3,82
420,23,16,3,35,B,2,1,1,1,2,2,0,3,0,0,0,0,0,0,0,0,0,0,8,5,163
421,23,16,3,34,A,0,1,0,4,0,0,1,2,0,3,0,0,0,0,0,0,0,0,10,7,163
422,23,8,4,23,B,0,0,0,4,0,0,0,0,0,0,0,0,0,0,0,0,0,0,4,4,84
423,23,8,4,24,C,1,0,6,4,0,1,0,0,0,0,0,0,0,0,0,0,0,0,6,3,84
424,23,4,1,1,A,0,0,4,1,10,0,0,0,0,0,0,0,0,0,0,0,0,0,5,5,41
425,23,4,1,2,B,0,0,4,2,6,0,0,0,0,0,0,0,0,0,0,0,0,0,5,5,41
426,23,8,5,25,A,0,0,5,2,3,1,0,0,0,0,0,0,0,0,0,0,0,0,6,4,85
427,23,8,5,26,B,1,1,4,2,1,1,0,0,0,0,0,0,0,0,0,0,0,0,6,3,85
428,23,8,5,27,C,1,0,0,0,2,0,0,0,0,0,0,0,0,0,0,0,0,0,5,5,85
429,23,16,1,30,C,0,0,4,1,0,0,0,0,0,0,0,0,0,0,0,0,0,0,4,3,161
430,23,4,3,9,C,NA,NA,NA,NA,NA,NA,NA,NA,NA,NA,NA,NA,NA,NA,NA,NA,NA,NA,NA,NA,43
431,23,4,2,4,A,NA,NA,NA,NA,NA,NA,NA,NA,NA,NA,NA,NA,NA,NA,NA,NA,NA,NA,NA,NA,42
432,23,4,4,11,B,0,0,4,1,1,0,0,0,0,0,0,0,0,0,0,0,0,0,5,3,44
433,23,4,4,10,A,0,0,0,0,0,0,0,0,0,0,0,0,0,0,0,0,0,0,0,0,44
434,23,8,1,15,A,0,0,8,0,0,0,0,0,0,0,0,0,0,0,0,0,0,0,3,3,81
435,23,4,4,12,C,0,0,0,0,0,0,0,0,0,0,0,0,0,0,0,0,0,0,0,0,44
436,23,16,4,36,A,2,2,3,0,4,1,0,0,0,0,0,0,0,0,0,0,0,0,6,3,164
437,23,4,3,7,A,0,0,0,3,1,0,0,0,0,0,0,0,0,0,0,0,0,0,5,4,43
438,23,4,3,8,B,1,0,1,2,3,0,0,0,0,0,0,0,0,0,0,0,0,0,5,4,43
439,23,8,1,17,C,0,0,0,3,4,6,3,3,3,10,1,0,0,0,0,0,0,0,11,8,81
440,23,8,1,16,B,0,0,3,6,1,0,3,7,1,3,4,2,1,1,2,3,0,1,18,8,81
441,23,4,2,6,C,0,0,5,5,4,4,0,0,0,0,0,0,0,0,0,0,0,0,6,4,42
442,23,4,2,5,B,0,0,0,2,0,0,0,0,0,0,0,0,0,0,0,0,0,0,4,4,42
443,23,4,1,3,C,0,0,0,2,0,3,0,1,0,0,0,0,0,0,0,0,0,0,8,6,41
444,23,16,2,31,A,1,0,0,0,0,1,0,0,0,0,0,0,0,0,0,0,0,0,6,6,162
445,25,16,2,32,B,0,0,0,0,0,0,2,2,0,0,0,0,0,0,0,0,0,0,8,8,162
446,25,16,2,33,C,0,0,3,2,0,0,1,0,0,0,0,0,0,0,0,0,0,0,7,4,162
447,25,16,1,28,A,0,0,3,3,0,0,0,0,0,0,0,0,0,0,0,0,0,0,4,4,161
448,25,16,1,29,B,0,0,0,1,3,0,0,0,0,0,0,0,0,0,0,0,0,0,5,5,161
449,25,4,5,13,A,0,0,0,2,0,0,0,0,0,0,0,0,0,0,0,0,0,0,4,4,45
450,25,4,5,14,B,0,0,0,0,0,0,0,0,0,0,0,0,0,0,0,0,0,0,0,0,45
451,25,8,3,20,B,0,0,0,0,1,2,3,5,0,0,0,0,0,0,0,0,0,0,8,7,83
452,25,8,3,19,A,1,0,3,0,0,0,0,0,0,0,0,0,0,0,0,0,0,0,3,3,83
453,25,8,3,21,C,0,2,0,1,6,0,0,0,0,0,0,0,0,0,0,0,0,0,5,5,83
454,25,8,4,22,A,0,0,0,0,4,3,0,0,0,0,0,0,0,0,0,0,0,0,6,5,84
455,25,16,5,37,A,1,0,0,1,0,3,3,4,0,0,0,0,0,0,0,0,0,0,8,7,165
456,25,8,2,18,A,0,1,1,0,0,0,0,0,0,0,0,0,0,0,0,0,0,0,3,3,82
457,25,16,3,35,B,1,0,2,1,0,1,1,1,0,0,0,0,0,0,0,0,0,0,8,4,163
458,25,16,3,34,A,0,0,0,1,0,1,0,2,6,2,0,0,0,0,0,0,0,0,10,9,163
459,25,8,4,23,B,0,0,2,2,0,0,0,0,0,0,0,0,0,0,0,0,0,0,4,4,84
460,25,8,4,24,C,1,0,1,1,7,0,0,0,0,0,0,0,0,0,0,0,0,0,5,5,84
461,25,4,1,1,A,0,1,0,0,5,1,1,0,0,0,0,0,0,0,0,0,0,0,7,5,41
462,25,4,1,2,B,1,0,2,0,2,3,1,1,0,0,0,0,0,0,0,0,0,0,8,6,41
463,25,8,5,25,A,0,0,0,1,1,0,0,0,1,0,0,0,0,0,0,0,0,0,9,5,85
464,25,8,5,26,B,0,0,4,1,1,1,0,0,0,0,0,0,0,0,0,0,0,0,6,3,85
465,25,8,5,27,C,0,0,0,0,2,0,0,0,0,0,0,0,0,0,0,0,0,0,5,5,85
466,25,16,1,30,C,0,0,2,0,1,0,0,0,0,0,0,0,0,0,0,0,0,0,5,3,161
467,25,4,3,9,C,0,0,0,0,0,0,0,2,5,2,2,0,0,0,0,0,0,0,11,9,43
468,25,4,2,4,A,0,0,1,2,0,0,0,0,0,0,0,0,0,0,0,0,0,0,4,4,42
469,25,4,4,11,B,0,0,2,1,0,0,1,0,0,0,0,0,0,0,0,0,0,0,7,4,44
470,25,4,4,10,A,0,0,2,0,0,0,0,0,0,0,0,0,0,0,0,0,0,0,3,3,44
471,25,8,1,15,A,0,0,7,0,0,0,0,0,0,0,0,0,0,0,0,0,0,0,3,3,81
472,25,4,4,12,C,0,0,7,0,0,0,0,0,0,0,0,0,0,0,0,0,0,0,3,3,44
473,25,16,4,36,A,1,0,2,0,1,3,0,0,0,0,0,0,0,0,0,0,0,0,6,5,164
474,25,4,3,7,A,1,0,0,0,1,0,0,1,0,0,0,0,0,0,0,0,0,0,8,5,43
475,25,4,3,8,B,0,0,0,1,3,6,0,1,0,0,0,0,0,0,0,0,0,0,8,6,43
476,25,8,1,17,C,0,0,0,2,0,1,2,0,1,5,6,1,1,0,0,0,0,0,13,10,81
477,25,8,1,16,B,0,0,0,0,0,0,0,2,3,1,1,2,0,1,2,3,0,1,18,12,81
478,25,4,2,6,C,0,0,1,2,2,8,1,0,0,0,0,0,0,0,0,0,0,0,7,6,42
479,25,4,2,5,B,0,0,1,3,0,0,0,0,0,0,0,0,0,0,0,0,0,0,4,4,42
480,25,4,1,3,C,0,0,0,2,1,0,2,6,0,0,0,0,0,0,0,0,0,0,8,8,41
481,25,16,2,31,A,0,0,1,1,0,0,0,0,0,0,0,0,0,0,0,0,0,0,4,4,162
482,27,16,2,32,B,0,0,0,0,0,0,1,0,0,0,0,0,0,0,0,0,0,0,7,7,162
483,27,16,2,33,C,0,0,1,0,0,0,1,0,0,0,0,0,0,0,0,0,0,0,7,7,162
484,27,16,1,28,A,0,0,1,6,0,0,0,0,0,0,0,0,0,0,0,0,0,0,4,4,161
485,27,16,1,29,B,0,0,0,1,2,1,0,0,0,0,0,0,0,0,0,0,0,0,6,5,161
486,27,4,5,13,A,0,0,0,0,0,0,0,0,0,0,0,0,0,0,0,0,0,0,0,0,45
487,27,4,5,14,B,0,0,0,0,0,0,0,0,0,0,0,0,0,0,0,0,0,0,0,0,45
488,27,8,3,20,B,0,0,0,0,1,1,0,3,0,0,0,0,0,0,0,0,0,0,8,8,83
489,27,8,3,19,A,1,0,0,0,0,0,0,0,0,0,0,0,0,0,0,0,0,0,1,1,83
490,27,8,3,21,C,1,1,0,4,8,0,3,0,0,0,0,0,0,0,0,0,0,0,7,5,83
491,27,8,4,22,A,0,0,0,1,0,1,0,0,0,0,0,0,0,0,0,0,0,0,6,6,84
492,27,16,5,37,A,0,0,0,0,0,1,2,3,0,0,0,0,0,0,0,0,0,0,8,8,165
493,27,8,2,18,A,1,0,0,0,0,0,0,0,0,0,0,0,0,0,0,0,0,0,1,1,82
494,27,16,3,35,B,0,0,0,0,0,1,0,2,0,0,0,0,0,0,0,0,0,0,8,8,163
495,27,16,3,34,A,0,0,0,1,0,0,1,1,1,1,0,2,0,0,0,0,0,0,12,9,163
496,27,8,4,23,B,0,0,0,0,0,0,0,0,0,0,0,0,0,0,0,0,0,0,0,0,84
497,27,8,4,24,C,0,0,0,0,5,0,0,0,0,0,0,0,0,0,0,0,0,0,5,5,84
498,27,4,1,1,A,0,0,0,0,1,3,0,0,0,0,0,0,0,0,0,0,0,0,6,6,41
499,27,4,1,2,B,0,0,0,0,0,0,2,0,0,0,0,0,0,0,0,0,0,0,7,7,41
500,27,8,5,25,A,0,0,0,0,0,0,0,0,0,0,0,0,0,0,0,0,0,0,0,0,85
501,27,8,5,26,B,1,0,1,0,0,0,0,0,0,0,0,0,0,0,0,0,0,0,3,3,85
502,27,8,5,27,C,0,0,0,0,1,0,0,0,0,0,0,0,0,0,0,0,0,0,5,5,85
503,27,16,1,30,C,0,0,1,1,0,2,1,0,0,0,0,0,0,0,0,0,0,0,7,6,161
504,27,4,3,9,C,0,0,0,0,0,0,0,1,2,5,0,1,0,0,0,0,0,0,12,10,43
505,27,4,2,4,A,0,0,0,4,1,0,0,0,0,0,0,0,0,0,0,0,0,0,5,4,42
506,27,4,4,11,B,3,0,2,3,0,0,1,0,0,0,0,0,0,0,0,0,0,0,7,3,44
507,27,4,4,10,A,0,0,0,0,0,0,0,0,0,0,0,0,0,0,0,0,0,0,0,0,44
508,27,8,1,15,A,0,0,4,2,0,0,0,0,0,0,0,0,0,0,0,0,0,0,4,3,81
509,27,4,4,12,C,0,0,5,0,0,0,0,0,0,0,0,0,0,0,0,0,0,0,3,3,44
510,27,16,4,36,A,0,0,0,0,1,1,0,0,0,0,0,0,0,0,0,0,0,0,6,6,164
511,27,4,3,7,A,0,0,0,0,0,0,0,0,0,0,0,0,0,0,0,0,0,0,0,0,43
512,27,4,3,8,B,0,0,1,1,2,0,7,1,0,0,0,0,0,0,0,0,0,0,8,7,43
513,27,8,1,17,C,0,0,0,1,1,0,0,2,5,1,2,1,0,0,0,0,0,0,12,9,81
514,27,8,1,16,B,0,0,0,0,0,0,0,1,0,0,0,0,0,0,0,2,1,0,17,16,81
515,27,4,2,6,C,0,0,0,2,1,6,1,3,0,0,0,0,0,0,0,0,0,0,8,6,42
516,27,4,2,5,B,0,0,0,1,0,0,0,0,0,0,0,0,0,0,0,0,0,0,4,4,42
517,27,4,1,3,C,0,0,0,0,1,0,4,3,0,0,0,0,0,0,0,0,0,0,8,7,41
518,27,16,2,31,A,0,0,0,0,0,0,0,0,0,0,0,0,0,0,0,0,0,0,0,0,162
